receipt_id,merchant_order_id,total_value,billing_date,account_name,payment_status
INV-SAAS-00001,ORD-SAAS-EX-00001,1500.00 INR,01-Aug-2026,Client_SAAS_1,paid
INV-SAAS-00002,ORD-SAAS-EX-00002,2435.00 INR,02-Aug-2026,Client_SAAS_2,paid
INV-SAAS-00003,ORD-SAAS-EX-00003,3370.00 INR,03-Aug-2026,Client_SAAS_3,paid
INV-SAAS-00004,ORD-SAAS-EX-00004,4305.00 INR,04-Aug-2026,Client_SAAS_4,paid
INV-SAAS-00005,ORD-SAAS-EX-00005,5240.00 INR,05-Aug-2026,Client_SAAS_5,paid
INV-SAAS-00006,ORD-SAAS-EX-00006,6175.00 INR,06-Aug-2026,Client_SAAS_6,paid
INV-SAAS-00007,ORD-SAAS-EX-00007,7110.00 INR,07-Aug-2026,Client_SAAS_7,paid
INV-SAAS-00008,ORD-SAAS-EX-00008,8045.00 INR,08-Aug-2026,Client_SAAS_8,paid
INV-SAAS-00009,ORD-SAAS-EX-00009,8980.00 INR,09-Aug-2026,Client_SAAS_9,paid
INV-SAAS-00010,ORD-SAAS-EX-00010,9915.00 INR,10-Aug-2026,Client_SAAS_10,paid
INV-SAAS-00011,ORD-SAAS-EX-00011,10850.00 INR,11-Aug-2026,Client_SAAS_11,paid
INV-SAAS-00012,ORD-SAAS-EX-00012,11785.00 INR,12-Aug-2026,Client_SAAS_12,paid
INV-SAAS-00013,ORD-SAAS-EX-00013,12720.00 INR,13-Aug-2026,Client_SAAS_13,paid
INV-SAAS-00014,ORD-SAAS-EX-00014,13655.00 INR,14-Aug-2026,Client_SAAS_14,paid
INV-SAAS-00015,ORD-SAAS-EX-00015,14590.00 INR,15-Aug-2026,Client_SAAS_15,paid
INV-SAAS-00016,ORD-SAAS-EX-00016,15525.00 INR,16-Aug-2026,Client_SAAS_16,paid
INV-SAAS-00017,ORD-SAAS-EX-00017,16460.00 INR,17-Aug-2026,Client_SAAS_17,paid
INV-SAAS-00018,ORD-SAAS-EX-00018,17395.00 INR,18-Aug-2026,Client_SAAS_18,paid
INV-SAAS-00019,ORD-SAAS-EX-00019,18330.00 INR,19-Aug-2026,Client_SAAS_19,paid
INV-SAAS-00020,ORD-SAAS-EX-00020,19265.00 INR,20-Aug-2026,Client_SAAS_20,paid
INV-SAAS-00021,ORD-SAAS-EX-00021,20200.00 INR,21-Aug-2026,Client_SAAS_21,paid
INV-SAAS-00022,ORD-SAAS-EX-00022,21135.00 INR,22-Aug-2026,Client_SAAS_22,paid
INV-SAAS-00023,ORD-SAAS-EX-00023,22070.00 INR,23-Aug-2026,Client_SAAS_23,paid
INV-SAAS-00024,ORD-SAAS-EX-00024,23005.00 INR,24-Aug-2026,Client_SAAS_24,paid
INV-SAAS-00025,ORD-SAAS-EX-00025,23940.00 INR,25-Aug-2026,Client_SAAS_25,paid
INV-SAAS-00026,ORD-SAAS-EX-00026,24875.00 INR,01-Aug-2026,Client_SAAS_26,paid
INV-SAAS-00027,ORD-SAAS-EX-00027,25810.00 INR,02-Aug-2026,Client_SAAS_27,paid
INV-SAAS-00028,ORD-SAAS-EX-00028,26745.00 INR,03-Aug-2026,Client_SAAS_28,paid
INV-SAAS-00029,ORD-SAAS-EX-00029,27680.00 INR,04-Aug-2026,Client_SAAS_29,paid
INV-SAAS-00030,ORD-SAAS-EX-00030,28615.00 INR,05-Aug-2026,Client_SAAS_30,paid
INV-SAAS-00031,ORD-SAAS-EX-00031,29550.00 INR,06-Aug-2026,Client_SAAS_31,paid
INV-SAAS-00032,ORD-SAAS-EX-00032,30485.00 INR,07-Aug-2026,Client_SAAS_32,paid
INV-SAAS-00033,ORD-SAAS-EX-00033,31420.00 INR,08-Aug-2026,Client_SAAS_33,paid
INV-SAAS-00034,ORD-SAAS-EX-00034,32355.00 INR,09-Aug-2026,Client_SAAS_34,paid
INV-SAAS-00035,ORD-SAAS-EX-00035,33290.00 INR,10-Aug-2026,Client_SAAS_35,paid
INV-SAAS-00036,ORD-SAAS-EX-00036,34225.00 INR,11-Aug-2026,Client_SAAS_36,paid
INV-SAAS-00037,ORD-SAAS-EX-00037,35160.00 INR,12-Aug-2026,Client_SAAS_37,paid
INV-SAAS-00038,ORD-SAAS-EX-00038,36095.00 INR,13-Aug-2026,Client_SAAS_38,paid
INV-SAAS-00039,ORD-SAAS-EX-00039,37030.00 INR,14-Aug-2026,Client_SAAS_39,paid
INV-SAAS-00040,ORD-SAAS-EX-00040,37965.00 INR,15-Aug-2026,Client_SAAS_40,paid
INV-SAAS-00041,ORD-SAAS-EX-00041,38900.00 INR,16-Aug-2026,Client_SAAS_41,paid
INV-SAAS-00042,ORD-SAAS-EX-00042,39835.00 INR,17-Aug-2026,Client_SAAS_42,paid
INV-SAAS-00043,ORD-SAAS-EX-00043,40770.00 INR,18-Aug-2026,Client_SAAS_43,paid
INV-SAAS-00044,ORD-SAAS-EX-00044,41705.00 INR,19-Aug-2026,Client_SAAS_44,paid
INV-SAAS-00045,ORD-SAAS-EX-00045,42640.00 INR,20-Aug-2026,Client_SAAS_45,paid
INV-SAAS-00046,ORD-SAAS-EX-00046,43575.00 INR,21-Aug-2026,Client_SAAS_46,paid
INV-SAAS-00047,ORD-SAAS-EX-00047,44510.00 INR,22-Aug-2026,Client_SAAS_47,paid
INV-SAAS-00048,ORD-SAAS-EX-00048,45445.00 INR,23-Aug-2026,Client_SAAS_48,paid
INV-SAAS-00049,ORD-SAAS-EX-00049,46380.00 INR,24-Aug-2026,Client_SAAS_49,paid
INV-SAAS-00050,ORD-SAAS-EX-00050,47315.00 INR,25-Aug-2026,Client_SAAS_50,paid
INV-SAAS-00051,ORD-SAAS-EX-00051,48250.00 INR,01-Aug-2026,Client_SAAS_51,paid
INV-SAAS-00052,ORD-SAAS-EX-00052,49185.00 INR,02-Aug-2026,Client_SAAS_52,paid
INV-SAAS-00053,ORD-SAAS-EX-00053,50120.00 INR,03-Aug-2026,Client_SAAS_53,paid
INV-SAAS-00054,ORD-SAAS-EX-00054,51055.00 INR,04-Aug-2026,Client_SAAS_54,paid
INV-SAAS-00055,ORD-SAAS-EX-00055,51990.00 INR,05-Aug-2026,Client_SAAS_55,paid
INV-SAAS-00056,ORD-SAAS-EX-00056,52925.00 INR,06-Aug-2026,Client_SAAS_56,paid
INV-SAAS-00057,ORD-SAAS-EX-00057,53860.00 INR,07-Aug-2026,Client_SAAS_57,paid
INV-SAAS-00058,ORD-SAAS-EX-00058,54795.00 INR,08-Aug-2026,Client_SAAS_58,paid
INV-SAAS-00059,ORD-SAAS-EX-00059,55730.00 INR,09-Aug-2026,Client_SAAS_59,paid
INV-SAAS-00060,ORD-SAAS-EX-00060,56665.00 INR,10-Aug-2026,Client_SAAS_60,paid
INV-SAAS-00061,ORD-SAAS-EX-00061,57600.00 INR,11-Aug-2026,Client_SAAS_61,paid
INV-SAAS-00062,ORD-SAAS-EX-00062,58535.00 INR,12-Aug-2026,Client_SAAS_62,paid
INV-SAAS-00063,ORD-SAAS-EX-00063,59470.00 INR,13-Aug-2026,Client_SAAS_63,paid
INV-SAAS-00064,ORD-SAAS-EX-00064,60405.00 INR,14-Aug-2026,Client_SAAS_64,paid
INV-SAAS-00065,ORD-SAAS-EX-00065,61340.00 INR,15-Aug-2026,Client_SAAS_65,paid
INV-SAAS-00066,ORD-SAAS-EX-00066,62275.00 INR,16-Aug-2026,Client_SAAS_66,paid
INV-SAAS-00067,ORD-SAAS-EX-00067,63210.00 INR,17-Aug-2026,Client_SAAS_67,paid
INV-SAAS-00068,ORD-SAAS-EX-00068,64145.00 INR,18-Aug-2026,Client_SAAS_68,paid
INV-SAAS-00069,ORD-SAAS-EX-00069,65080.00 INR,19-Aug-2026,Client_SAAS_69,paid
INV-SAAS-00070,ORD-SAAS-EX-00070,66015.00 INR,20-Aug-2026,Client_SAAS_70,paid
INV-SAAS-00071,ORD-SAAS-FEE-00071,10850.00 INR,01-Aug-2026,Client_SAAS_71,paid
INV-SAAS-00072,ORD-SAAS-FEE-00072,11785.00 INR,02-Aug-2026,Client_SAAS_72,paid
INV-SAAS-00073,ORD-SAAS-FEE-00073,12720.00 INR,03-Aug-2026,Client_SAAS_73,paid
INV-SAAS-00074,ORD-SAAS-FEE-00074,13655.00 INR,04-Aug-2026,Client_SAAS_74,paid
INV-SAAS-00075,ORD-SAAS-FEE-00075,14590.00 INR,05-Aug-2026,Client_SAAS_75,paid
INV-SAAS-00076,ORD-SAAS-FEE-00076,15525.00 INR,06-Aug-2026,Client_SAAS_76,paid
INV-SAAS-00077,ORD-SAAS-FEE-00077,16460.00 INR,07-Aug-2026,Client_SAAS_77,paid
INV-SAAS-00078,ORD-SAAS-FEE-00078,17395.00 INR,08-Aug-2026,Client_SAAS_78,paid
INV-SAAS-00079,ORD-SAAS-GST-00079,20200.00 INR,01-Aug-2026,Client_SAAS_79,paid
INV-SAAS-00080,ORD-SAAS-GST-00080,21135.00 INR,02-Aug-2026,Client_SAAS_80,paid
INV-SAAS-00081,ORD-SAAS-GST-00081,22070.00 INR,03-Aug-2026,Client_SAAS_81,paid
INV-SAAS-00082,ORD-SAAS-GST-00082,23005.00 INR,04-Aug-2026,Client_SAAS_82,paid
INV-SAAS-00083,ORD-SAAS-GST-00083,23940.00 INR,05-Aug-2026,Client_SAAS_83,paid
INV-SAAS-00084,ORD-SAAS-TDS-00084,29550.00 INR,01-Aug-2026,Client_SAAS_84,paid
INV-SAAS-00085,ORD-SAAS-TDS-00085,30485.00 INR,02-Aug-2026,Client_SAAS_85,paid
INV-SAAS-00086,ORD-SAAS-TDS-00086,31420.00 INR,03-Aug-2026,Client_SAAS_86,paid
INV-SAAS-00087,ORD-SAAS-AI-00087,38900.00 INR,01-Aug-2026,Client_SAAS_87,paid
INV-SAAS-00088,ORD-SAAS-AI-00088,39835.00 INR,02-Aug-2026,Client_SAAS_88,paid
INV-SAAS-00089,ORD-SAAS-AI-00089,40770.00 INR,03-Aug-2026,Client_SAAS_89,paid
INV-SAAS-00090,ORD-SAAS-AI-00090,41705.00 INR,04-Aug-2026,Client_SAAS_90,paid
INV-SAAS-00091,ORD-SAAS-AI-00091,42640.00 INR,05-Aug-2026,Client_SAAS_91,paid
INV-SAAS-00092,ORD-SAAS-AI-00092,43575.00 INR,06-Aug-2026,Client_SAAS_92,paid
INV-SAAS-00093,ORD-SAAS-EXC-00093,48250.00 INR,01-Aug-2026,Client_SAAS_93,pending_settlement
INV-SAAS-00094,ORD-SAAS-EXC-00094,49185.00 INR,02-Aug-2026,Client_SAAS_94,pending_settlement
INV-SAAS-00095,ORD-SAAS-EXC-00095,50120.00 INR,03-Aug-2026,Client_SAAS_95,pending_settlement
INV-SAAS-00096,ORD-SAAS-EXC-00096,51055.00 INR,04-Aug-2026,Client_SAAS_96,pending_settlement
INV-SAAS-00097,ORD-SAAS-EXC-00097,51990.00 INR,05-Aug-2026,Client_SAAS_97,pending_settlement
INV-SAAS-00098,ORD-SAAS-EXC-00098,52925.00 INR,06-Aug-2026,Client_SAAS_98,pending_settlement
INV-SAAS-00099,ORD-SAAS-EXC-00099,53860.00 INR,07-Aug-2026,Client_SAAS_99,pending_settlement
INV-SAAS-00100,ORD-SAAS-EXC-00100,54795.00 INR,08-Aug-2026,Client_SAAS_100,pending_settlement
