settlement_id,order_id,amount,settlement_date,reference_number,status,fees,gst,tds
SET-RETA-00001,ORD-RETA-EX-00001,450.00,2026-08-03,UTRRETA2026080000001,settled,0.00,0.00,0.00
SET-RETA-00002,ORD-RETA-EX-00002,765.50,2026-08-04,UTRRETA2026080000002,settled,0.00,0.00,0.00
SET-RETA-00003,ORD-RETA-EX-00003,1081.00,2026-08-05,UTRRETA2026080000003,settled,0.00,0.00,0.00
SET-RETA-00004,ORD-RETA-EX-00004,1396.50,2026-08-06,UTRRETA2026080000004,settled,0.00,0.00,0.00
SET-RETA-00005,ORD-RETA-EX-00005,1712.00,2026-08-07,UTRRETA2026080000005,settled,0.00,0.00,0.00
SET-RETA-00006,ORD-RETA-EX-00006,2027.50,2026-08-08,UTRRETA2026080000006,settled,0.00,0.00,0.00
SET-RETA-00007,ORD-RETA-EX-00007,2343.00,2026-08-09,UTRRETA2026080000007,settled,0.00,0.00,0.00
SET-RETA-00008,ORD-RETA-EX-00008,2658.50,2026-08-10,UTRRETA2026080000008,settled,0.00,0.00,0.00
SET-RETA-00009,ORD-RETA-EX-00009,2974.00,2026-08-11,UTRRETA2026080000009,settled,0.00,0.00,0.00
SET-RETA-00010,ORD-RETA-EX-00010,3289.50,2026-08-12,UTRRETA2026080000010,settled,0.00,0.00,0.00
SET-RETA-00011,ORD-RETA-EX-00011,3605.00,2026-08-13,UTRRETA2026080000011,settled,0.00,0.00,0.00
SET-RETA-00012,ORD-RETA-EX-00012,3920.50,2026-08-14,UTRRETA2026080000012,settled,0.00,0.00,0.00
SET-RETA-00013,ORD-RETA-EX-00013,4236.00,2026-08-15,UTRRETA2026080000013,settled,0.00,0.00,0.00
SET-RETA-00014,ORD-RETA-EX-00014,4551.50,2026-08-16,UTRRETA2026080000014,settled,0.00,0.00,0.00
SET-RETA-00015,ORD-RETA-EX-00015,4867.00,2026-08-17,UTRRETA2026080000015,settled,0.00,0.00,0.00
SET-RETA-00016,ORD-RETA-EX-00016,5182.50,2026-08-18,UTRRETA2026080000016,settled,0.00,0.00,0.00
SET-RETA-00017,ORD-RETA-EX-00017,5498.00,2026-08-19,UTRRETA2026080000017,settled,0.00,0.00,0.00
SET-RETA-00018,ORD-RETA-EX-00018,5813.50,2026-08-20,UTRRETA2026080000018,settled,0.00,0.00,0.00
SET-RETA-00019,ORD-RETA-EX-00019,6129.00,2026-08-21,UTRRETA2026080000019,settled,0.00,0.00,0.00
SET-RETA-00020,ORD-RETA-EX-00020,6444.50,2026-08-22,UTRRETA2026080000020,settled,0.00,0.00,0.00
SET-RETA-00021,ORD-RETA-EX-00021,6760.00,2026-08-23,UTRRETA2026080000021,settled,0.00,0.00,0.00
SET-RETA-00022,ORD-RETA-EX-00022,7075.50,2026-08-24,UTRRETA2026080000022,settled,0.00,0.00,0.00
SET-RETA-00023,ORD-RETA-EX-00023,7391.00,2026-08-25,UTRRETA2026080000023,settled,0.00,0.00,0.00
SET-RETA-00024,ORD-RETA-EX-00024,7706.50,2026-08-26,UTRRETA2026080000024,settled,0.00,0.00,0.00
SET-RETA-00025,ORD-RETA-EX-00025,8022.00,2026-08-27,UTRRETA2026080000025,settled,0.00,0.00,0.00
SET-RETA-00026,ORD-RETA-EX-00026,8337.50,2026-08-03,UTRRETA2026080000026,settled,0.00,0.00,0.00
SET-RETA-00027,ORD-RETA-EX-00027,8653.00,2026-08-04,UTRRETA2026080000027,settled,0.00,0.00,0.00
SET-RETA-00028,ORD-RETA-EX-00028,8968.50,2026-08-05,UTRRETA2026080000028,settled,0.00,0.00,0.00
SET-RETA-00029,ORD-RETA-EX-00029,9284.00,2026-08-06,UTRRETA2026080000029,settled,0.00,0.00,0.00
SET-RETA-00030,ORD-RETA-EX-00030,9599.50,2026-08-07,UTRRETA2026080000030,settled,0.00,0.00,0.00
SET-RETA-00031,ORD-RETA-EX-00031,9915.00,2026-08-08,UTRRETA2026080000031,settled,0.00,0.00,0.00
SET-RETA-00032,ORD-RETA-EX-00032,10230.50,2026-08-09,UTRRETA2026080000032,settled,0.00,0.00,0.00
SET-RETA-00033,ORD-RETA-EX-00033,10546.00,2026-08-10,UTRRETA2026080000033,settled,0.00,0.00,0.00
SET-RETA-00034,ORD-RETA-EX-00034,10861.50,2026-08-11,UTRRETA2026080000034,settled,0.00,0.00,0.00
SET-RETA-00035,ORD-RETA-EX-00035,11177.00,2026-08-12,UTRRETA2026080000035,settled,0.00,0.00,0.00
SET-RETA-00036,ORD-RETA-EX-00036,11492.50,2026-08-13,UTRRETA2026080000036,settled,0.00,0.00,0.00
SET-RETA-00037,ORD-RETA-EX-00037,11808.00,2026-08-14,UTRRETA2026080000037,settled,0.00,0.00,0.00
SET-RETA-00038,ORD-RETA-EX-00038,12123.50,2026-08-15,UTRRETA2026080000038,settled,0.00,0.00,0.00
SET-RETA-00039,ORD-RETA-EX-00039,12439.00,2026-08-16,UTRRETA2026080000039,settled,0.00,0.00,0.00
SET-RETA-00040,ORD-RETA-EX-00040,12754.50,2026-08-17,UTRRETA2026080000040,settled,0.00,0.00,0.00
SET-RETA-00041,ORD-RETA-EX-00041,13070.00,2026-08-18,UTRRETA2026080000041,settled,0.00,0.00,0.00
SET-RETA-00042,ORD-RETA-EX-00042,13385.50,2026-08-19,UTRRETA2026080000042,settled,0.00,0.00,0.00
SET-RETA-00043,ORD-RETA-EX-00043,13701.00,2026-08-20,UTRRETA2026080000043,settled,0.00,0.00,0.00
SET-RETA-00044,ORD-RETA-EX-00044,14016.50,2026-08-21,UTRRETA2026080000044,settled,0.00,0.00,0.00
SET-RETA-00045,ORD-RETA-EX-00045,14332.00,2026-08-22,UTRRETA2026080000045,settled,0.00,0.00,0.00
SET-RETA-00046,ORD-RETA-EX-00046,14647.50,2026-08-23,UTRRETA2026080000046,settled,0.00,0.00,0.00
SET-RETA-00047,ORD-RETA-EX-00047,14963.00,2026-08-24,UTRRETA2026080000047,settled,0.00,0.00,0.00
SET-RETA-00048,ORD-RETA-EX-00048,15278.50,2026-08-25,UTRRETA2026080000048,settled,0.00,0.00,0.00
SET-RETA-00049,ORD-RETA-EX-00049,15594.00,2026-08-26,UTRRETA2026080000049,settled,0.00,0.00,0.00
SET-RETA-00050,ORD-RETA-EX-00050,15909.50,2026-08-27,UTRRETA2026080000050,settled,0.00,0.00,0.00
SET-RETA-00051,ORD-RETA-EX-00051,16225.00,2026-08-03,UTRRETA2026080000051,settled,0.00,0.00,0.00
SET-RETA-00052,ORD-RETA-EX-00052,16540.50,2026-08-04,UTRRETA2026080000052,settled,0.00,0.00,0.00
SET-RETA-00053,ORD-RETA-EX-00053,16856.00,2026-08-05,UTRRETA2026080000053,settled,0.00,0.00,0.00
SET-RETA-00054,ORD-RETA-EX-00054,17171.50,2026-08-06,UTRRETA2026080000054,settled,0.00,0.00,0.00
SET-RETA-00055,ORD-RETA-EX-00055,17487.00,2026-08-07,UTRRETA2026080000055,settled,0.00,0.00,0.00
SET-RETA-00056,ORD-RETA-EX-00056,17802.50,2026-08-08,UTRRETA2026080000056,settled,0.00,0.00,0.00
SET-RETA-00057,ORD-RETA-EX-00057,18118.00,2026-08-09,UTRRETA2026080000057,settled,0.00,0.00,0.00
SET-RETA-00058,ORD-RETA-EX-00058,18433.50,2026-08-10,UTRRETA2026080000058,settled,0.00,0.00,0.00
SET-RETA-00059,ORD-RETA-EX-00059,18749.00,2026-08-11,UTRRETA2026080000059,settled,0.00,0.00,0.00
SET-RETA-00060,ORD-RETA-EX-00060,19064.50,2026-08-12,UTRRETA2026080000060,settled,0.00,0.00,0.00
SET-RETA-00061,ORD-RETA-EX-00061,19380.00,2026-08-13,UTRRETA2026080000061,settled,0.00,0.00,0.00
SET-RETA-00062,ORD-RETA-EX-00062,19695.50,2026-08-14,UTRRETA2026080000062,settled,0.00,0.00,0.00
SET-RETA-00063,ORD-RETA-EX-00063,20011.00,2026-08-15,UTRRETA2026080000063,settled,0.00,0.00,0.00
SET-RETA-00064,ORD-RETA-EX-00064,20326.50,2026-08-16,UTRRETA2026080000064,settled,0.00,0.00,0.00
SET-RETA-00065,ORD-RETA-EX-00065,20642.00,2026-08-17,UTRRETA2026080000065,settled,0.00,0.00,0.00
SET-RETA-00066,ORD-RETA-EX-00066,20957.50,2026-08-18,UTRRETA2026080000066,settled,0.00,0.00,0.00
SET-RETA-00067,ORD-RETA-EX-00067,21273.00,2026-08-19,UTRRETA2026080000067,settled,0.00,0.00,0.00
SET-RETA-00068,ORD-RETA-EX-00068,21588.50,2026-08-20,UTRRETA2026080000068,settled,0.00,0.00,0.00
SET-RETA-00069,ORD-RETA-EX-00069,21904.00,2026-08-21,UTRRETA2026080000069,settled,0.00,0.00,0.00
SET-RETA-00070,ORD-RETA-EX-00070,22219.50,2026-08-22,UTRRETA2026080000070,settled,0.00,0.00,0.00
SET-RETA-00071,ORD-RETA-FEE-00071,3532.90,2026-08-03,UTRRETA2026080000071,settled,72.10,0.00,0.00
SET-RETA-00072,ORD-RETA-FEE-00072,3842.09,2026-08-04,UTRRETA2026080000072,settled,78.41,0.00,0.00
SET-RETA-00073,ORD-RETA-FEE-00073,4151.28,2026-08-05,UTRRETA2026080000073,settled,84.72,0.00,0.00
SET-RETA-00074,ORD-RETA-FEE-00074,4460.47,2026-08-06,UTRRETA2026080000074,settled,91.03,0.00,0.00
SET-RETA-00075,ORD-RETA-FEE-00075,4769.66,2026-08-07,UTRRETA2026080000075,settled,97.34,0.00,0.00
SET-RETA-00076,ORD-RETA-FEE-00076,5078.85,2026-08-08,UTRRETA2026080000076,settled,103.65,0.00,0.00
SET-RETA-00077,ORD-RETA-FEE-00077,5388.04,2026-08-09,UTRRETA2026080000077,settled,109.96,0.00,0.00
SET-RETA-00078,ORD-RETA-FEE-00078,5697.23,2026-08-10,UTRRETA2026080000078,settled,116.27,0.00,0.00
SET-RETA-00079,ORD-RETA-GST-00079,6600.46,2026-08-03,UTRRETA2026080000079,settled,135.20,24.34,0.00
SET-RETA-00080,ORD-RETA-GST-00080,6908.52,2026-08-04,UTRRETA2026080000080,settled,141.51,25.47,0.00
SET-RETA-00081,ORD-RETA-GST-00081,7216.57,2026-08-05,UTRRETA2026080000081,settled,147.82,26.61,0.00
SET-RETA-00082,ORD-RETA-GST-00082,7524.63,2026-08-06,UTRRETA2026080000082,settled,154.13,27.74,0.00
SET-RETA-00083,ORD-RETA-GST-00083,7832.68,2026-08-07,UTRRETA2026080000083,settled,160.44,28.88,0.00
SET-RETA-00084,ORD-RETA-TDS-00084,9581.86,2026-08-03,UTRRETA2026080000084,settled,198.30,35.69,99.15
SET-RETA-00085,ORD-RETA-TDS-00085,9886.75,2026-08-04,UTRRETA2026080000085,settled,204.61,36.83,102.31
SET-RETA-00086,ORD-RETA-TDS-00086,10191.65,2026-08-05,UTRRETA2026080000086,settled,210.92,37.97,105.46
SET-RETA-00087,ORD-RETA-AI-00087,13040.00,2026-08-03,UTRRETA2026080000087,settled,30.00,0.00,0.00
SET-RETA-00088,ORD-RETA-AI-00088,13340.50,2026-08-04,UTRRETA2026080000088,settled,45.00,0.00,0.00
SET-RETA-00089,ORD-RETA-AI-00089,13641.00,2026-08-05,UTRRETA2026080000089,settled,60.00,0.00,0.00
SET-RETA-00090,ORD-RETA-AI-00090,13941.50,2026-08-06,UTRRETA2026080000090,settled,75.00,0.00,0.00
SET-RETA-00091,ORD-RETA-AI-00091,14242.00,2026-08-07,UTRRETA2026080000091,settled,90.00,0.00,0.00
SET-RETA-00092,ORD-RETA-AI-00092,14617.50,2026-08-08,UTRRETA2026080000092,settled,30.00,0.00,0.00
SET-RETA-00093,ORD-RETA-EXC-00093,16225.00,2026-08-07,UTRRETA2026080000093,pending,0.00,0.00,0.00
SET-RETA-00094,ORD-RETA-EXC-00094,16540.50,2026-08-08,UTRRETA2026080000094,settled,0.00,0.00,0.00
SET-RETA-00095,ORD-RETA-EXC-00095,-16856.00,2026-08-03,UTRRETA2026080000095,refund_processed,0.00,0.00,0.00
SET-RETA-00096,ORD-RETA-EXC-00096,17171.50,2026-08-10,UTRRETA2026080000096,pending,0.00,0.00,0.00
SET-RETA-00097,ORD-RETA-EXC-00097,17487.00,2026-08-11,UTRRETA2026080000097,pending,0.00,0.00,0.00
SET-RETA-00098,ORD-RETA-EXC-00098,17802.50,2026-08-12,UTRRETA2026080000098,settled,0.00,0.00,0.00
SET-RETA-00099,ORD-RETA-EXC-00099,-18118.00,2026-08-07,UTRRETA2026080000099,refund_processed,0.00,0.00,0.00
SET-RETA-00100,ORD-RETA-EXC-00100,18433.50,2026-08-14,UTRRETA2026080000100,pending,0.00,0.00,0.00
