entry_ref,booking_date,memo_text,cheque_or_utr,amount,available_funds,status
BNK-EDUC-00001,03-Aug-2026,ACH CR RAZORPAY SETTLEMENT UTREDUC2026080000001,UTREDUC2026080000001,"₹ 3,500.00","₹ 5,003,500.00",credited
BNK-EDUC-00002,04-Aug-2026,ACH CR RAZORPAY SETTLEMENT UTREDUC2026080000002,UTREDUC2026080000002,"₹ 5,965.00","₹ 5,009,465.00",credited
BNK-EDUC-00003,05-Aug-2026,ACH CR RAZORPAY SETTLEMENT UTREDUC2026080000003,UTREDUC2026080000003,"₹ 8,430.00","₹ 5,017,895.00",credited
BNK-EDUC-00004,06-Aug-2026,ACH CR RAZORPAY SETTLEMENT UTREDUC2026080000004,UTREDUC2026080000004,"₹ 10,895.00","₹ 5,028,790.00",credited
BNK-EDUC-00005,07-Aug-2026,ACH CR RAZORPAY SETTLEMENT UTREDUC2026080000005,UTREDUC2026080000005,"₹ 13,360.00","₹ 5,042,150.00",credited
BNK-EDUC-00006,08-Aug-2026,ACH CR RAZORPAY SETTLEMENT UTREDUC2026080000006,UTREDUC2026080000006,"₹ 15,825.00","₹ 5,057,975.00",credited
BNK-EDUC-00007,09-Aug-2026,ACH CR RAZORPAY SETTLEMENT UTREDUC2026080000007,UTREDUC2026080000007,"₹ 18,290.00","₹ 5,076,265.00",credited
BNK-EDUC-00008,10-Aug-2026,ACH CR RAZORPAY SETTLEMENT UTREDUC2026080000008,UTREDUC2026080000008,"₹ 20,755.00","₹ 5,097,020.00",credited
BNK-EDUC-00009,11-Aug-2026,ACH CR RAZORPAY SETTLEMENT UTREDUC2026080000009,UTREDUC2026080000009,"₹ 23,220.00","₹ 5,120,240.00",credited
BNK-EDUC-00010,12-Aug-2026,ACH CR RAZORPAY SETTLEMENT UTREDUC2026080000010,UTREDUC2026080000010,"₹ 25,685.00","₹ 5,145,925.00",credited
BNK-EDUC-00011,13-Aug-2026,ACH CR RAZORPAY SETTLEMENT UTREDUC2026080000011,UTREDUC2026080000011,"₹ 28,150.00","₹ 5,174,075.00",credited
BNK-EDUC-00012,14-Aug-2026,ACH CR RAZORPAY SETTLEMENT UTREDUC2026080000012,UTREDUC2026080000012,"₹ 30,615.00","₹ 5,204,690.00",credited
BNK-EDUC-00013,15-Aug-2026,ACH CR RAZORPAY SETTLEMENT UTREDUC2026080000013,UTREDUC2026080000013,"₹ 33,080.00","₹ 5,237,770.00",credited
BNK-EDUC-00014,16-Aug-2026,ACH CR RAZORPAY SETTLEMENT UTREDUC2026080000014,UTREDUC2026080000014,"₹ 35,545.00","₹ 5,273,315.00",credited
BNK-EDUC-00015,17-Aug-2026,ACH CR RAZORPAY SETTLEMENT UTREDUC2026080000015,UTREDUC2026080000015,"₹ 38,010.00","₹ 5,311,325.00",credited
BNK-EDUC-00016,18-Aug-2026,ACH CR RAZORPAY SETTLEMENT UTREDUC2026080000016,UTREDUC2026080000016,"₹ 40,475.00","₹ 5,351,800.00",credited
BNK-EDUC-00017,19-Aug-2026,ACH CR RAZORPAY SETTLEMENT UTREDUC2026080000017,UTREDUC2026080000017,"₹ 42,940.00","₹ 5,394,740.00",credited
BNK-EDUC-00018,20-Aug-2026,ACH CR RAZORPAY SETTLEMENT UTREDUC2026080000018,UTREDUC2026080000018,"₹ 45,405.00","₹ 5,440,145.00",credited
BNK-EDUC-00019,21-Aug-2026,ACH CR RAZORPAY SETTLEMENT UTREDUC2026080000019,UTREDUC2026080000019,"₹ 47,870.00","₹ 5,488,015.00",credited
BNK-EDUC-00020,22-Aug-2026,ACH CR RAZORPAY SETTLEMENT UTREDUC2026080000020,UTREDUC2026080000020,"₹ 50,335.00","₹ 5,538,350.00",credited
BNK-EDUC-00021,23-Aug-2026,ACH CR RAZORPAY SETTLEMENT UTREDUC2026080000021,UTREDUC2026080000021,"₹ 52,800.00","₹ 5,591,150.00",credited
BNK-EDUC-00022,24-Aug-2026,ACH CR RAZORPAY SETTLEMENT UTREDUC2026080000022,UTREDUC2026080000022,"₹ 55,265.00","₹ 5,646,415.00",credited
BNK-EDUC-00023,25-Aug-2026,ACH CR RAZORPAY SETTLEMENT UTREDUC2026080000023,UTREDUC2026080000023,"₹ 57,730.00","₹ 5,704,145.00",credited
BNK-EDUC-00024,26-Aug-2026,ACH CR RAZORPAY SETTLEMENT UTREDUC2026080000024,UTREDUC2026080000024,"₹ 60,195.00","₹ 5,764,340.00",credited
BNK-EDUC-00025,27-Aug-2026,ACH CR RAZORPAY SETTLEMENT UTREDUC2026080000025,UTREDUC2026080000025,"₹ 62,660.00","₹ 5,827,000.00",credited
BNK-EDUC-00026,03-Aug-2026,ACH CR RAZORPAY SETTLEMENT UTREDUC2026080000026,UTREDUC2026080000026,"₹ 65,125.00","₹ 5,892,125.00",credited
BNK-EDUC-00027,04-Aug-2026,ACH CR RAZORPAY SETTLEMENT UTREDUC2026080000027,UTREDUC2026080000027,"₹ 67,590.00","₹ 5,959,715.00",credited
BNK-EDUC-00028,05-Aug-2026,ACH CR RAZORPAY SETTLEMENT UTREDUC2026080000028,UTREDUC2026080000028,"₹ 70,055.00","₹ 6,029,770.00",credited
BNK-EDUC-00029,06-Aug-2026,ACH CR RAZORPAY SETTLEMENT UTREDUC2026080000029,UTREDUC2026080000029,"₹ 72,520.00","₹ 6,102,290.00",credited
BNK-EDUC-00030,07-Aug-2026,ACH CR RAZORPAY SETTLEMENT UTREDUC2026080000030,UTREDUC2026080000030,"₹ 74,985.00","₹ 6,177,275.00",credited
BNK-EDUC-00031,08-Aug-2026,ACH CR RAZORPAY SETTLEMENT UTREDUC2026080000031,UTREDUC2026080000031,"₹ 77,450.00","₹ 6,254,725.00",credited
BNK-EDUC-00032,09-Aug-2026,ACH CR RAZORPAY SETTLEMENT UTREDUC2026080000032,UTREDUC2026080000032,"₹ 79,915.00","₹ 6,334,640.00",credited
BNK-EDUC-00033,10-Aug-2026,ACH CR RAZORPAY SETTLEMENT UTREDUC2026080000033,UTREDUC2026080000033,"₹ 82,380.00","₹ 6,417,020.00",credited
BNK-EDUC-00034,11-Aug-2026,ACH CR RAZORPAY SETTLEMENT UTREDUC2026080000034,UTREDUC2026080000034,"₹ 84,845.00","₹ 6,501,865.00",credited
BNK-EDUC-00035,12-Aug-2026,ACH CR RAZORPAY SETTLEMENT UTREDUC2026080000035,UTREDUC2026080000035,"₹ 87,310.00","₹ 6,589,175.00",credited
BNK-EDUC-00036,13-Aug-2026,ACH CR RAZORPAY SETTLEMENT UTREDUC2026080000036,UTREDUC2026080000036,"₹ 89,775.00","₹ 6,678,950.00",credited
BNK-EDUC-00037,14-Aug-2026,ACH CR RAZORPAY SETTLEMENT UTREDUC2026080000037,UTREDUC2026080000037,"₹ 92,240.00","₹ 6,771,190.00",credited
BNK-EDUC-00038,15-Aug-2026,ACH CR RAZORPAY SETTLEMENT UTREDUC2026080000038,UTREDUC2026080000038,"₹ 94,705.00","₹ 6,865,895.00",credited
BNK-EDUC-00039,16-Aug-2026,ACH CR RAZORPAY SETTLEMENT UTREDUC2026080000039,UTREDUC2026080000039,"₹ 97,170.00","₹ 6,963,065.00",credited
BNK-EDUC-00040,17-Aug-2026,ACH CR RAZORPAY SETTLEMENT UTREDUC2026080000040,UTREDUC2026080000040,"₹ 99,635.00","₹ 7,062,700.00",credited
BNK-EDUC-00041,18-Aug-2026,ACH CR RAZORPAY SETTLEMENT UTREDUC2026080000041,UTREDUC2026080000041,"₹ 102,100.00","₹ 7,164,800.00",credited
BNK-EDUC-00042,19-Aug-2026,ACH CR RAZORPAY SETTLEMENT UTREDUC2026080000042,UTREDUC2026080000042,"₹ 104,565.00","₹ 7,269,365.00",credited
BNK-EDUC-00043,20-Aug-2026,ACH CR RAZORPAY SETTLEMENT UTREDUC2026080000043,UTREDUC2026080000043,"₹ 107,030.00","₹ 7,376,395.00",credited
BNK-EDUC-00044,21-Aug-2026,ACH CR RAZORPAY SETTLEMENT UTREDUC2026080000044,UTREDUC2026080000044,"₹ 109,495.00","₹ 7,485,890.00",credited
BNK-EDUC-00045,22-Aug-2026,ACH CR RAZORPAY SETTLEMENT UTREDUC2026080000045,UTREDUC2026080000045,"₹ 111,960.00","₹ 7,597,850.00",credited
BNK-EDUC-00046,23-Aug-2026,ACH CR RAZORPAY SETTLEMENT UTREDUC2026080000046,UTREDUC2026080000046,"₹ 114,425.00","₹ 7,712,275.00",credited
BNK-EDUC-00047,24-Aug-2026,ACH CR RAZORPAY SETTLEMENT UTREDUC2026080000047,UTREDUC2026080000047,"₹ 116,890.00","₹ 7,829,165.00",credited
BNK-EDUC-00048,25-Aug-2026,ACH CR RAZORPAY SETTLEMENT UTREDUC2026080000048,UTREDUC2026080000048,"₹ 119,355.00","₹ 7,948,520.00",credited
BNK-EDUC-00049,26-Aug-2026,ACH CR RAZORPAY SETTLEMENT UTREDUC2026080000049,UTREDUC2026080000049,"₹ 121,820.00","₹ 8,070,340.00",credited
BNK-EDUC-00050,27-Aug-2026,ACH CR RAZORPAY SETTLEMENT UTREDUC2026080000050,UTREDUC2026080000050,"₹ 124,285.00","₹ 8,194,625.00",credited
BNK-EDUC-00051,03-Aug-2026,ACH CR RAZORPAY SETTLEMENT UTREDUC2026080000051,UTREDUC2026080000051,"₹ 126,750.00","₹ 8,321,375.00",credited
BNK-EDUC-00052,04-Aug-2026,ACH CR RAZORPAY SETTLEMENT UTREDUC2026080000052,UTREDUC2026080000052,"₹ 129,215.00","₹ 8,450,590.00",credited
BNK-EDUC-00053,05-Aug-2026,ACH CR RAZORPAY SETTLEMENT UTREDUC2026080000053,UTREDUC2026080000053,"₹ 131,680.00","₹ 8,582,270.00",credited
BNK-EDUC-00054,06-Aug-2026,ACH CR RAZORPAY SETTLEMENT UTREDUC2026080000054,UTREDUC2026080000054,"₹ 134,145.00","₹ 8,716,415.00",credited
BNK-EDUC-00055,07-Aug-2026,ACH CR RAZORPAY SETTLEMENT UTREDUC2026080000055,UTREDUC2026080000055,"₹ 136,610.00","₹ 8,853,025.00",credited
BNK-EDUC-00056,08-Aug-2026,ACH CR RAZORPAY SETTLEMENT UTREDUC2026080000056,UTREDUC2026080000056,"₹ 139,075.00","₹ 8,992,100.00",credited
BNK-EDUC-00057,09-Aug-2026,ACH CR RAZORPAY SETTLEMENT UTREDUC2026080000057,UTREDUC2026080000057,"₹ 141,540.00","₹ 9,133,640.00",credited
BNK-EDUC-00058,10-Aug-2026,ACH CR RAZORPAY SETTLEMENT UTREDUC2026080000058,UTREDUC2026080000058,"₹ 144,005.00","₹ 9,277,645.00",credited
BNK-EDUC-00059,11-Aug-2026,ACH CR RAZORPAY SETTLEMENT UTREDUC2026080000059,UTREDUC2026080000059,"₹ 146,470.00","₹ 9,424,115.00",credited
BNK-EDUC-00060,12-Aug-2026,ACH CR RAZORPAY SETTLEMENT UTREDUC2026080000060,UTREDUC2026080000060,"₹ 148,935.00","₹ 9,573,050.00",credited
BNK-EDUC-00061,13-Aug-2026,ACH CR RAZORPAY SETTLEMENT UTREDUC2026080000061,UTREDUC2026080000061,"₹ 151,400.00","₹ 9,724,450.00",credited
BNK-EDUC-00062,14-Aug-2026,ACH CR RAZORPAY SETTLEMENT UTREDUC2026080000062,UTREDUC2026080000062,"₹ 153,865.00","₹ 9,878,315.00",credited
BNK-EDUC-00063,15-Aug-2026,ACH CR RAZORPAY SETTLEMENT UTREDUC2026080000063,UTREDUC2026080000063,"₹ 156,330.00","₹ 10,034,645.00",credited
BNK-EDUC-00064,16-Aug-2026,ACH CR RAZORPAY SETTLEMENT UTREDUC2026080000064,UTREDUC2026080000064,"₹ 158,795.00","₹ 10,193,440.00",credited
BNK-EDUC-00065,17-Aug-2026,ACH CR RAZORPAY SETTLEMENT UTREDUC2026080000065,UTREDUC2026080000065,"₹ 161,260.00","₹ 10,354,700.00",credited
BNK-EDUC-00066,18-Aug-2026,ACH CR RAZORPAY SETTLEMENT UTREDUC2026080000066,UTREDUC2026080000066,"₹ 163,725.00","₹ 10,518,425.00",credited
BNK-EDUC-00067,19-Aug-2026,ACH CR RAZORPAY SETTLEMENT UTREDUC2026080000067,UTREDUC2026080000067,"₹ 166,190.00","₹ 10,684,615.00",credited
BNK-EDUC-00068,20-Aug-2026,ACH CR RAZORPAY SETTLEMENT UTREDUC2026080000068,UTREDUC2026080000068,"₹ 168,655.00","₹ 10,853,270.00",credited
BNK-EDUC-00069,21-Aug-2026,ACH CR RAZORPAY SETTLEMENT UTREDUC2026080000069,UTREDUC2026080000069,"₹ 171,120.00","₹ 11,024,390.00",credited
BNK-EDUC-00070,22-Aug-2026,ACH CR RAZORPAY SETTLEMENT UTREDUC2026080000070,UTREDUC2026080000070,"₹ 173,585.00","₹ 11,197,975.00",credited
BNK-EDUC-00071,03-Aug-2026,ACH CR RAZORPAY SETTLEMENT UTREDUC2026080000071,UTREDUC2026080000071,"₹ 27,812.20","₹ 11,225,787.20",credited
BNK-EDUC-00072,04-Aug-2026,ACH CR RAZORPAY SETTLEMENT UTREDUC2026080000072,UTREDUC2026080000072,"₹ 30,247.62","₹ 11,256,034.82",credited
BNK-EDUC-00073,05-Aug-2026,ACH CR RAZORPAY SETTLEMENT UTREDUC2026080000073,UTREDUC2026080000073,"₹ 32,683.04","₹ 11,288,717.86",credited
BNK-EDUC-00074,06-Aug-2026,ACH CR RAZORPAY SETTLEMENT UTREDUC2026080000074,UTREDUC2026080000074,"₹ 35,118.46","₹ 11,323,836.32",credited
BNK-EDUC-00075,07-Aug-2026,ACH CR RAZORPAY SETTLEMENT UTREDUC2026080000075,UTREDUC2026080000075,"₹ 37,553.88","₹ 11,361,390.20",credited
BNK-EDUC-00076,08-Aug-2026,ACH CR RAZORPAY SETTLEMENT UTREDUC2026080000076,UTREDUC2026080000076,"₹ 39,989.30","₹ 11,401,379.50",credited
BNK-EDUC-00077,09-Aug-2026,ACH CR RAZORPAY SETTLEMENT UTREDUC2026080000077,UTREDUC2026080000077,"₹ 42,424.72","₹ 11,443,804.22",credited
BNK-EDUC-00078,10-Aug-2026,ACH CR RAZORPAY SETTLEMENT UTREDUC2026080000078,UTREDUC2026080000078,"₹ 44,860.14","₹ 11,488,664.36",credited
BNK-EDUC-00079,03-Aug-2026,ACH CR RAZORPAY SETTLEMENT UTREDUC2026080000079,UTREDUC2026080000079,"₹ 52,052.35","₹ 11,540,716.71",credited
BNK-EDUC-00080,04-Aug-2026,ACH CR RAZORPAY SETTLEMENT UTREDUC2026080000080,UTREDUC2026080000080,"₹ 54,482.45","₹ 11,595,199.16",credited
BNK-EDUC-00081,05-Aug-2026,ACH CR RAZORPAY SETTLEMENT UTREDUC2026080000081,UTREDUC2026080000081,"₹ 56,912.54","₹ 11,652,111.70",credited
BNK-EDUC-00082,06-Aug-2026,ACH CR RAZORPAY SETTLEMENT UTREDUC2026080000082,UTREDUC2026080000082,"₹ 59,342.64","₹ 11,711,454.34",credited
BNK-EDUC-00083,07-Aug-2026,ACH CR RAZORPAY SETTLEMENT UTREDUC2026080000083,UTREDUC2026080000083,"₹ 61,772.73","₹ 11,773,227.07",credited
BNK-EDUC-00084,03-Aug-2026,ACH CR RAZORPAY SETTLEMENT UTREDUC2026080000084,UTREDUC2026080000084,"₹ 76,353.31","₹ 11,849,580.38",credited
BNK-EDUC-00085,04-Aug-2026,ACH CR RAZORPAY SETTLEMENT UTREDUC2026080000085,UTREDUC2026080000085,"₹ 78,783.40","₹ 11,928,363.78",credited
BNK-EDUC-00086,05-Aug-2026,ACH CR RAZORPAY SETTLEMENT UTREDUC2026080000086,UTREDUC2026080000086,"₹ 81,213.50","₹ 12,009,577.28",credited
BNK-EDUC-00087,03-Aug-2026,ACH CR RAZORPAY SETTLEMENT UTREDUC2026080000087,UTREDUC2026080000087,"₹ 102,070.00","₹ 12,111,647.28",credited
BNK-EDUC-00088,04-Aug-2026,ACH CR RAZORPAY SETTLEMENT UTREDUC2026080000088,UTREDUC2026080000088,"₹ 104,520.00","₹ 12,216,167.28",credited
BNK-EDUC-00089,05-Aug-2026,ACH CR RAZORPAY SETTLEMENT UTREDUC2026080000089,UTREDUC2026080000089,"₹ 106,970.00","₹ 12,323,137.28",credited
BNK-EDUC-00090,06-Aug-2026,ACH CR RAZORPAY SETTLEMENT UTREDUC2026080000090,UTREDUC2026080000090,"₹ 109,420.00","₹ 12,432,557.28",credited
BNK-EDUC-00091,07-Aug-2026,ACH CR RAZORPAY SETTLEMENT UTREDUC2026080000091,UTREDUC2026080000091,"₹ 111,870.00","₹ 12,544,427.28",credited
BNK-EDUC-00092,08-Aug-2026,ACH CR RAZORPAY SETTLEMENT UTREDUC2026080000092,UTREDUC2026080000092,"₹ 114,395.00","₹ 12,658,822.28",credited
BNK-EDUC-00093,07-Aug-2026,ACH CR PENDING SETTLEMENT UTREDUC2026080000093,UTREDUC2026080000093,"₹ 126,750.00","₹ 12,658,822.28",pending
BNK-EDUC-00094,08-Aug-2026,ACH CR PENDING SETTLEMENT UTREDUC2026080000094,UTREDUC2026080000094,"₹ 129,215.00","₹ 12,658,822.28",pending
BNK-EDUC-00095,03-Aug-2026,ACH DR RAZORPAY REFUND UTREDUC2026080000095,UTREDUC2026080000095,"₹ -131,680.00","₹ 12,527,142.28",debited
BNK-EDUC-00096,10-Aug-2026,BANK ANNUAL SERVICE CHARGES,MISC-96,₹ -100.00,"₹ 12,527,142.28",debited
BNK-EDUC-00097,11-Aug-2026,ACH CR PENDING SETTLEMENT UTREDUC2026080000097,UTREDUC2026080000097,"₹ 136,610.00","₹ 12,527,142.28",pending
BNK-EDUC-00098,12-Aug-2026,ACH CR PENDING SETTLEMENT UTREDUC2026080000098,UTREDUC2026080000098,"₹ 139,075.00","₹ 12,527,142.28",pending
BNK-EDUC-00099,07-Aug-2026,ACH DR RAZORPAY REFUND UTREDUC2026080000099,UTREDUC2026080000099,"₹ -141,540.00","₹ 12,385,602.28",debited
BNK-EDUC-00100,14-Aug-2026,BANK ANNUAL SERVICE CHARGES,MISC-100,₹ -100.00,"₹ 12,385,602.28",debited
